disease_name,symptoms
COVID-19,"fever, dry cough, fatigue, loss of taste or smell, difficulty breathing, chest pain, headache, sore throat, muscle aches"
Influenza (Flu),"fever, chills, cough, sore throat, runny nose, muscle aches, headache, fatigue, vomiting, diarrhea"
Common Cold,"runny nose, sneezing, sore throat, cough, congestion, mild headache, mild body aches, low-grade fever"
Pneumonia,"fever, chills, cough with phlegm, chest pain, shortness of breath, fatigue, confusion (in elderly), nausea, vomiting"
Tuberculosis,"persistent cough, coughing up blood, chest pain, weight loss, fatigue, fever, night sweats, loss of appetite"
Diabetes Type 1,"increased thirst, frequent urination, extreme hunger, weight loss, fatigue, blurred vision, irritability"
Diabetes Type 2,"increased thirst, frequent urination, increased hunger, weight loss, fatigue, blurred vision, slow-healing sores, frequent infections"
Hypertension,"headache, shortness of breath, nosebleeds, flushing, dizziness, chest pain, visual changes"
Asthma,"shortness of breath, chest tightness, wheezing, coughing, difficulty sleeping due to breathing problems"
COPD,"shortness of breath, chronic cough, wheezing, chest tightness, frequent respiratory infections, lack of energy, swelling in ankles"
Heart Disease,"chest pain, shortness of breath, pain in neck or jaw, pain in upper abdomen, nausea, fatigue, irregular heartbeat"
Stroke,"sudden numbness, confusion, trouble speaking, trouble seeing, trouble walking, dizziness, severe headache"
Alzheimer's Disease,"memory loss, confusion, difficulty completing tasks, problems with words, poor judgment, personality changes, withdrawal"
Parkinson's Disease,"tremor, slowed movement, rigid muscles, impaired posture, loss of automatic movements, speech changes, writing changes"
Migraine,"severe headache, nausea, vomiting, sensitivity to light, sensitivity to sound, visual disturbances, dizziness"
Epilepsy,"seizures, temporary confusion, staring spell, uncontrollable jerking movements, loss of consciousness, fear, anxiety"
Depression,"persistent sadness, loss of interest, sleep changes, appetite changes, fatigue, difficulty concentrating, feelings of worthlessness, suicidal thoughts"
Anxiety Disorder,"excessive worry, restlessness, fatigue, difficulty concentrating, irritability, muscle tension, sleep disturbances, panic attacks"
Schizophrenia,"hallucinations, delusions, disorganized speech, disorganized behavior, lack of motivation, social withdrawal, cognitive difficulties"
Bipolar Disorder,"extreme mood swings, elevated mood, increased energy, decreased need for sleep, racing thoughts, depression, irritability"
Malaria,"fever, chills, headache, nausea, vomiting, muscle pain, fatigue, sweating, abdominal pain, diarrhea"
Dengue Fever,"high fever, severe headache, pain behind eyes, joint pain, muscle pain, rash, mild bleeding, low platelet count"
Zika Virus,"fever, rash, joint pain, red eyes, muscle pain, headache"
Ebola,"fever, severe headache, muscle pain, weakness, fatigue, diarrhea, vomiting, abdominal pain, unexplained bleeding"
HIV/AIDS,"fever, chills, rash, night sweats, muscle aches, sore throat, fatigue, swollen lymph nodes, mouth ulcers"
Hepatitis A,"fatigue, nausea, vomiting, abdominal pain, loss of appetite, low-grade fever, dark urine, joint pain, jaundice"
Hepatitis B,"abdominal pain, dark urine, fever, joint pain, loss of appetite, nausea, vomiting, weakness, jaundice"
Hepatitis C,"fatigue, fever, nausea, poor appetite, abdominal pain, dark urine, joint pain, jaundice"
Measles,"fever, cough, runny nose, red watery eyes, white spots in mouth, red rash that spreads"
Mumps,"fever, headache, muscle aches, fatigue, loss of appetite, swollen salivary glands"
Chickenpox,"itchy rash, fever, tiredness, loss of appetite, headache, red spots that become blisters"
Smallpox,"fever, malaise, headache, severe back pain, vomiting, rash with raised bumps, scabs"
Polio,"fever, fatigue, headache, vomiting, stiffness in neck, pain in limbs, paralysis"
Rabies,"fever, headache, nausea, vomiting, anxiety, confusion, hyperactivity, difficulty swallowing, fear of water, hallucinations"
Tetanus,"jaw cramping, muscle stiffness, painful muscle spasms, difficulty swallowing, seizures, fever, sweating, elevated blood pressure"
Meningitis,"sudden high fever, severe headache, stiff neck, nausea, vomiting, confusion, seizures, sensitivity to light"
Encephalitis,"fever, headache, confusion, seizures, weakness, loss of consciousness, hallucinations, personality changes"
Gastroenteritis,"diarrhea, nausea, vomiting, abdominal cramps, fever, headache, muscle aches"
Food Poisoning,"nausea, vomiting, diarrhea, abdominal pain, fever, weakness, headache"
Salmonella,"diarrhea, fever, abdominal cramps, nausea, vomiting, headache"
E. coli Infection,"severe stomach cramps, diarrhea (often bloody), vomiting, fever"
Cholera,"severe watery diarrhea, vomiting, rapid dehydration, muscle cramps, shock"
Typhoid Fever,"prolonged fever, weakness, abdominal pain, headache, loss of appetite, rash"
Lyme Disease,"bull's-eye rash, fever, chills, fatigue, muscle aches, joint pain, headache, swollen lymph nodes"
Rheumatoid Arthritis,"joint pain, joint swelling, joint stiffness (especially in morning), fatigue, fever, weight loss"
Osteoarthritis,"joint pain, stiffness, tenderness, loss of flexibility, grating sensation, bone spurs"
Lupus,"fatigue, fever, joint pain, skin rashes, chest pain, shortness of breath, dry eyes, headaches, confusion"
Celiac Disease,"diarrhea, fatigue, weight loss, bloating, abdominal pain, nausea, vomiting, constipation"
Crohn's Disease,"diarrhea, abdominal pain, cramping, blood in stool, fatigue, weight loss, reduced appetite, fever"
Ulcerative Colitis,"diarrhea with blood, abdominal pain, rectal bleeding, urgency to defecate, inability to defecate, weight loss, fatigue"
Irritable Bowel Syndrome,"abdominal pain, bloating, gas, diarrhea, constipation, mucus in stool"
Kidney Stones,"severe pain in side and back, pain during urination, pink or brown urine, nausea, vomiting, frequent urination, fever"
Urinary Tract Infection,"burning sensation during urination, frequent urination, cloudy urine, strong-smelling urine, pelvic pain, blood in urine"
Kidney Disease,"fatigue, difficulty concentrating, poor appetite, trouble sleeping, muscle cramping, swollen feet, puffy eyes, dry skin, frequent urination"
Liver Cirrhosis,"fatigue, easy bleeding, easy bruising, fluid accumulation in abdomen, loss of appetite, nausea, swelling in legs, weight loss, jaundice"
Gallstones,"sudden pain in upper right abdomen, pain in right shoulder, nausea, vomiting"
Pancreatitis,"upper abdominal pain, pain radiating to back, tenderness when touching abdomen, fever, rapid pulse, nausea, vomiting"
Anemia,"fatigue, weakness, pale skin, irregular heartbeat, shortness of breath, dizziness, chest pain, cold hands and feet"
Leukemia,"fever, chills, persistent fatigue, frequent infections, weight loss, swollen lymph nodes, easy bleeding, red spots on skin"
Lymphoma,"painless swelling of lymph nodes, fatigue, fever, night sweats, weight loss, itching, chest pain, coughing"
Breast Cancer,"breast lump, change in breast size or shape, nipple discharge, nipple inversion, skin changes on breast, breast pain"
Lung Cancer,"persistent cough, coughing up blood, chest pain, shortness of breath, hoarseness, bone pain, headache, weight loss"
Prostate Cancer,"difficulty urinating, decreased force in urine stream, blood in urine, blood in semen, bone pain, erectile dysfunction"
Colorectal Cancer,"changes in bowel habits, blood in stool, abdominal discomfort, weakness, fatigue, unexplained weight loss"
Skin Cancer (Melanoma),"change in existing mole, new pigmented growth, sore that doesn't heal, spread of pigment, redness, itching"
Ovarian Cancer,"abdominal bloating, pelvic pain, difficulty eating, feeling full quickly, urinary symptoms, fatigue, back pain"
Thyroid Cancer,"lump in neck, changes in voice, difficulty swallowing, neck pain, swollen lymph nodes"
Hypothyroidism,"fatigue, weight gain, cold sensitivity, dry skin, hair thinning, depression, slowed heart rate, constipation"
Hyperthyroidism,"weight loss, rapid heartbeat, increased appetite, nervousness, tremor, sweating, changes in menstrual patterns, fatigue"
Graves Disease,"anxiety, irritability, tremor, heat sensitivity, weight loss, enlarged thyroid, frequent bowel movements, bulging eyes"
Hashimoto's Disease,"fatigue, weight gain, constipation, dry skin, hair loss, muscle weakness, depression, memory lapses"
Addison's Disease,"fatigue, muscle weakness, weight loss, decreased appetite, darkening of skin, low blood pressure, salt craving, nausea"
Cushing's Syndrome,"weight gain, fatty deposits (especially around midsection and upper back), purple stretch marks, thinning skin, slow healing, acne, fatigue, muscle weakness"
Multiple Sclerosis,"numbness or weakness in limbs, electric shock sensations, tremor, unsteady gait, vision problems, slurred speech, fatigue, dizziness"
Fibromyalgia,"widespread pain, fatigue, cognitive difficulties (fibro fog), sleep disturbances, headaches, depression, anxiety"
Chronic Fatigue Syndrome,"severe fatigue, unrefreshing sleep, difficulty concentrating, muscle pain, joint pain, headaches, sore throat, tender lymph nodes"
Gout,"intense joint pain, inflammation, redness, limited range of motion"
Psoriasis,"red patches of skin covered with silvery scales, dry cracked skin, itching, burning, soreness, thickened nails"
Eczema,"itchy skin, red to brownish patches, small raised bumps, dry scaly skin, sensitive skin, inflamed skin"
Rosacea,"facial redness, swollen red bumps, eye problems, enlarged nose"
Acne,"whiteheads, blackheads, pimples, cystic lesions, oily skin"
Vitiligo,"loss of skin color in patches, premature whitening of hair, loss of color in tissues inside mouth"
Alopecia,"hair loss, bald patches, complete baldness"
Sickle Cell Disease,"anemia, pain crises, swelling of hands and feet, frequent infections, delayed growth, vision problems"
Hemophilia,"excessive bleeding, large bruises, joint pain and swelling, blood in urine or stool, nosebleeds"
Cystic Fibrosis,"persistent cough with thick mucus, wheezing, shortness of breath, poor growth, weight gain difficulties, frequent lung infections, greasy stools"
Down Syndrome,"flattened face, small head, short neck, protruding tongue, upward slanting eyes, poor muscle tone, short height, intellectual disability"
Autism Spectrum Disorder,"difficulty with communication, difficulty with social interactions, obsessive interests, repetitive behaviors"
ADHD,"inattention, hyperactivity, impulsivity, difficulty focusing, disorganization, forgetfulness, fidgeting"
Dyslexia,"late talking, learning new words slowly, difficulty reading, difficulty spelling, avoiding reading activities"
Monkeypox,"fever, headache, muscle aches, backache, swollen lymph nodes, chills, exhaustion, rash that becomes pustular"
West Nile Virus,"fever, headache, body aches, joint pains, vomiting, diarrhea, rash"
Whooping Cough,"runny nose, nasal congestion, sneezing, mild cough, severe coughing fits, vomiting after coughing, exhaustion after coughing"
Diphtheria,"thick gray coating in throat or nose, sore throat, fever, swollen glands, weakness, difficulty breathing, difficulty swallowing"
Scarlet Fever,"red rash, fever, sore throat, strawberry tongue, facial flushing, body aches"
Shingles,"pain, burning or tingling, sensitivity to touch, red rash, fluid-filled blisters, itching"
Mononucleosis,"fatigue, sore throat, fever, swollen lymph nodes, swollen tonsils, headache, skin rash"
Chronic Kidney Disease,"nausea, vomiting, loss of appetite, fatigue, sleep problems, decreased urine output, muscle twitches, swelling of feet and ankles"
Glaucoma,"patchy blind spots, tunnel vision, severe headache, eye pain, nausea, blurred vision, halos around lights"
Cataracts,"clouded vision, difficulty seeing at night, sensitivity to light, seeing halos around lights, fading of colors, double vision"
Macular Degeneration,"blurred central vision, dark or empty areas in central vision, distorted vision"
Tinnitus,"ringing in ears, buzzing, roaring, clicking, hissing, humming"
Sleep Apnea,"loud snoring, gasping for air during sleep, morning headache, difficulty staying asleep, excessive daytime sleepiness, irritability"
Narcolepsy,"excessive daytime sleepiness, sudden loss of muscle tone, sleep paralysis, hallucinations, changes in sleep patterns"
Restless Leg Syndrome,"uncomfortable sensations in legs, urge to move legs, symptoms worse at rest, symptoms improve with movement, symptoms worse in evening"
Osteoporosis,"back pain, loss of height, stooped posture, bone fractures that occur easily"
Sepsis,"fever, increased heart rate, increased breathing rate, confusion, extreme pain, shortness of breath"
Appendicitis,"sudden pain near navel moving to lower right abdomen, pain that worsens with movement, nausea, vomiting, loss of appetite, low-grade fever"
Diverticulitis,"persistent abdominal pain, nausea, vomiting, fever, constipation, diarrhea"
GERD (Acid Reflux),"heartburn, regurgitation of food or sour liquid, difficulty swallowing, chest pain, sensation of lump in throat, chronic cough"
Peptic Ulcer,"burning stomach pain, feeling of fullness, bloating, nausea, intolerance to fatty foods, heartburn"
Endometriosis,"painful periods, pain during intercourse, pain with bowel movements, pain with urination, excessive bleeding, infertility, fatigue"
PCOS (Polycystic Ovary Syndrome),"irregular periods, excess androgen, acne, male-pattern baldness, polycystic ovaries, weight gain, difficulty getting pregnant"
Preeclampsia,"high blood pressure, protein in urine, severe headaches, changes in vision, upper abdominal pain, nausea, decreased urine output"
Gestational Diabetes,"increased thirst, frequent urination, fatigue, nausea, blurred vision, frequent infections"
Postpartum Depression,"depressed mood, severe mood swings, excessive crying, difficulty bonding with baby, withdrawal from family, loss of appetite, insomnia, intense irritability, fear of harming self or baby"
Carpal Tunnel Syndrome,"numbness, tingling, weakness in hand, pain in hand and arm, shock-like sensations in fingers"
Tennis Elbow,"pain and tenderness on outside of elbow, weak grip strength, worsening pain when gripping objects"
Plantar Fasciitis,"stabbing pain in bottom of foot near heel, pain worse with first steps after waking, pain after standing or sitting"
Sciatica,"pain radiating from lower back through buttock and down leg, numbness, tingling, muscle weakness in affected leg"
Herniated Disc,"arm or leg pain, numbness or tingling, weakness"
Spinal Stenosis,"numbness or tingling in hand or foot, weakness in hand or foot, pain in lower back, sciatica, foot drop"
Bell's Palsy,"sudden weakness in facial muscles, drooping of one side of face, drooling, difficulty closing eye, loss of taste"
Trigeminal Neuralgia,"electric shock-like pain in face, episodes of severe facial pain, pain triggered by touching face or chewing"
Temporomandibular Joint Disorder,"jaw pain, difficulty chewing, clicking sound when opening mouth, locking of jaw joint, ear pain"
Gingivitis,"swollen gums, red gums, tender gums, bleeding gums, receding gums, bad breath"
Periodontal Disease,"swollen gums, bright red or purple gums, tender gums, bleeding gums, bad breath, loose teeth, painful chewing, new spaces between teeth"
Tooth Decay,"toothache, sensitivity to hot or cold, visible holes in teeth, brown or black staining, pain when biting down"
Oral Thrush,"white lesions on tongue and inner cheeks, redness, soreness, difficulty swallowing, loss of taste"
Cold Sores,"tingling sensation before sores appear, small fluid-filled blisters, oozing and crusting, pain, itching"
Canker Sores,"painful sores inside mouth, tingling sensation before sores appear, round or oval sores with white or yellow center"
Ringworm,"itchy circular rash, raised edges, red scaly skin, blisters"
Athlete's Foot,"itching, stinging, burning between toes, itchy blisters on feet, cracking and peeling skin, dry skin on soles"
Jock Itch,"itching in groin area, red circular rash with elevated edges, burning sensation, flaking or cracking skin"
Scabies,"intense itching especially at night, thin irregular burrow tracks, rash, sores from scratching"
Lice,"intense itching, tickling feeling of something moving in hair, sores on scalp from scratching, irritability"
Bed Bugs,"red itchy welts, small blood stains on sheets, dark spots on bedding, musty odor"
Frostbite,"numbness, white or grayish-yellow skin, hard or waxy skin, clumsiness, blistering after rewarming"
Heat Stroke,"high body temperature, altered mental state, nausea, flushed skin, rapid breathing, racing heart, headache"
Heat Exhaustion,"heavy sweating, weakness, cold clammy skin, fast weak pulse, nausea, vomiting, muscle cramps, dizziness, headache"
Dehydration,"thirst, dry mouth, tired or sleepy, decreased urine output, dark colored urine, dry skin, headache, dizziness"
Malnutrition,"weight loss, tiredness, irritability, inability to concentrate, feeling cold, depression, reduced immune function, longer healing time"
Leptospirosis,"fever, headache, muscle aches, vomiting, diarrhea, abdominal pain, jaundice, red eyes, rash"
Poliomyelitis (Post-Polio Syndrome),"progressive muscle weakness, fatigue, muscle and joint pain, breathing or swallowing problems, sleep apnea"
Meningococcemia,"fever, headache, stiff neck, nausea, vomiting, sensitivity to light, confusion, skin rash (purpura/petechiae)"
Toxic Shock Syndrome,"sudden high fever, low blood pressure, vomiting, diarrhea, rash resembling sunburn, confusion, muscle aches"
Shigellosis,"bloody diarrhea, fever, abdominal pain, tenesmus (painful straining to pass stool)"
Giardiasis,"watery diarrhea, gas, greasy stools, stomach cramps, nausea, dehydration, weight loss"
Hookworm Infection,"anemia, fatigue, iron deficiency, abdominal pain, loss of appetite, weight loss"
Filariasis (Elephantiasis),"swelling of limbs or genitals, skin thickening, fever, chills, chronic pain"
Chagas Disease,"fever, fatigue, body aches, headache, rash, loss of appetite, swelling at the infection site (Romaña's sign)"
Rocky Mountain Spotted Fever,"fever, headache, rash (usually starts on wrists/ankles), nausea, vomiting, abdominal pain, muscle pain"
Lyme Neuroborreliosis,"facial palsy, numbness, shooting pains, cognitive problems (memory, concentration), radiculopathy"
Wegener's Granulomatosis (Granulomatosis with Polyangiitis),"persistent runny nose, nosebleeds, sinus pain, cough, shortness of breath, joint pain, fatigue, fever"
Sarcoidosis,"fatigue, swollen lymph nodes, cough, shortness of breath, skin lesions (erythema nodosum), joint pain, eye redness"
Amyotrophic Lateral Sclerosis (ALS),"muscle weakness in hands/feet, slurred speech, difficulty swallowing, muscle twitching, cramping, stiffness"
Muscular Dystrophy (Duchenne),"frequent falls, difficulty rising from lying/sitting, waddling gait, large calves, muscle pain, learning disabilities"
Cerebral Palsy,"exaggerated reflexes, floppy or rigid limbs, involuntary movements, difficulty walking, speech and swallowing problems"
Tardive Dyskinesia,"involuntary, repetitive movements of the face, tongue, lips, trunk, and extremities"
Tourette Syndrome,"involuntary movements (motor tics) and sounds (vocal tics), often repetitive and rapid"
Attention-Deficit/Hyperactivity Disorder (ADHD) - Adult,"difficulty focusing, impulsivity, poor time management, mood swings, disorganization, restlessness"
Obsessive-Compulsive Disorder (OCD),"obsessions (unwanted, intrusive thoughts) and compulsions (repetitive behaviors to reduce anxiety), checking, cleaning"
Post-Traumatic Stress Disorder (PTSD),"flashbacks, nightmares, severe anxiety, intrusive memories, avoidance of reminders, emotional numbness"
Borderline Personality Disorder (BPD),"fear of abandonment, unstable relationships, rapid mood swings, impulsive behavior, chronic feelings of emptiness, self-harm"
Pica,"persistent eating of non-food substances (e.g., dirt, paint chips, ice, hair) for at least one month"
Anorexia Nervosa,"extremely restricted eating, intense fear of gaining weight, distorted body image, low body weight, absent menstruation, fatigue"
Bulimia Nervosa,"recurrent episodes of binge eating followed by compensatory behaviors (vomiting, laxatives, excessive exercise), preoccupation with body shape/weight"
Binge Eating Disorder,"recurrent episodes of eating large amounts of food rapidly, feeling a lack of control, eating past fullness, distress"
Sleep Terrors (Night Terrors),"sudden awakening in terror, screaming, rapid heart rate, sweating, inconsolable, not fully awake, little memory of event"
Chronic Insomnia,"difficulty falling asleep, difficulty staying asleep, waking too early, unrefreshing sleep, daytime fatigue, irritability"
Bunion,"bony bump at the base of the big toe, pain, swelling, redness, difficulty wearing shoes"
Achilles Tendinitis,"pain and stiffness along the Achilles tendon (often worse in the morning), pain that worsens with activity"
Rotator Cuff Tear,"pain in shoulder (especially when lifting or lowering arm), weakness, clicking sound when moving shoulder"
Hernia (Inguinal),"bulge in the groin or scrotum, pain when bending or coughing, heavy or dragging sensation"
Endometriosis (Severe),"chronic pelvic pain, pain during periods that interferes with daily life, pain during sex, heavy bleeding, infertility"
Uterine Fibroids,"heavy menstrual bleeding, prolonged periods, pelvic pain or pressure, frequent urination, constipation, backache"
Pelvic Inflammatory Disease (PID),"pain in lower abdomen/pelvis, heavy vaginal discharge with odor, fever, pain during sex, burning during urination"
Cervical Cancer,"abnormal vaginal bleeding (between periods, after sex, post-menopause), pelvic pain, pain during intercourse, watery discharge"
Testicular Cancer,"lump or enlargement in either testicle, feeling of heaviness in scrotum, dull ache in groin or abdomen, fluid collection"
Benign Prostatic Hyperplasia (BPH),"frequent urination, urgency to urinate, weak urine stream, difficulty starting urination, nocturia (waking at night to urinate)"
Myasthenia Gravis,"muscle weakness that worsens with activity and improves with rest, drooping eyelid, double vision, difficulty swallowing, slurred speech"
Lambert-Eaton Myasthenic Syndrome (LEMS),"weakness in upper legs and hips, difficulty walking, dry mouth, blurred vision, difficulty swallowing, diminished reflexes"
Guillain-Barré Syndrome,"tingling and weakness starting in feet/legs and spreading to upper body, unsteady gait, severe pain, rapid heart rate, breathing difficulty"
Carpal Tunnel Syndrome (Severe),"constant numbness/tingling, muscle wasting at the base of the thumb, significant hand weakness, inability to grasp small objects"
Multiple Myeloma,"bone pain (especially back or ribs), fatigue, frequent infections, kidney problems, unexplained fractures, weakness"
Hodgkin Lymphoma,"painless swelling of lymph nodes (neck, armpit, groin), fever, night sweats, weight loss, itching"
Non-Hodgkin Lymphoma,"swollen lymph nodes, abdominal swelling or pain, chest pain, coughing, shortness of breath, fever, night sweats, weight loss"
Sarcoma (Soft Tissue),"painless lump or swelling, pain or soreness if the tumor presses on nerves or muscles, growth of a lump over time"
Thyroiditis (Subacute/De Quervain's),"neck pain (often radiating to jaw/ear), fever, fatigue, symptoms of hyperthyroidism followed by hypothyroidism"
Parathyroid Disease (Hyperparathyroidism),"fatigue, bone pain, depression, increased thirst, frequent urination, kidney stones, nausea"
Hypoparathyroidism,"tingling/burning in fingertips/toes/lips, muscle aches or cramps, twitching/spasms, fatigue, dry skin, brittle nails"
Scurvy (Vitamin C Deficiency),"fatigue, gum inflammation, easy bruising, joint and muscle aches, dry skin, poor wound healing"
Rickets (Vitamin D Deficiency in Children),"delayed growth, bow legs, painful spine/pelvis/legs, muscle weakness, soft skull bones"
Obesity,"excess body fat, shortness of breath, fatigue, joint pain, snoring, daytime sleepiness, increased risk of chronic diseases"
Anaphylaxis,"hives, flushed skin, swelling of the throat/tongue, wheezing, difficulty breathing, rapid/weak pulse, nausea, vomiting, dizziness/fainting"
Shock (Hypovolemic),"rapid, shallow breathing, rapid, weak heart rate, low blood pressure, pale/cool skin, confusion, low urine output"
Hemochromatosis (Iron Overload),"joint pain, fatigue, weakness, abdominal pain, irregular heart rhythm, weight loss, loss of body hair"
Wilson's Disease (Copper Overload),"fatigue, jaundice, swelling in legs/abdomen, tremors, difficulty walking/swallowing/speaking, uncontrolled movements"
Aneurysm (Cerebral),"severe, sudden headache ('thunderclap'), nausea, vomiting, stiff neck, blurred vision, sensitivity to light, loss of consciousness"
Coronary Artery Disease (CAD),"chest pain (angina), shortness of breath, fatigue, pain in the arms, neck, jaw, or back"
Aortic Stenosis,"chest pain, fainting (syncope), shortness of breath (especially on exertion), heart palpitations, fatigue"
Atrial Fibrillation (AFib),"heart palpitations (fluttering), shortness of breath, chest pain, dizziness, fatigue"
Deep Vein Thrombosis (DVT),"swelling in the affected leg, pain or tenderness (often starting in the calf), warmth over the affected area, red or discolored skin"
Pulmonary Embolism (PE),"sudden shortness of breath, chest pain (worse with deep breath), coughing up blood, rapid or irregular heartbeat, dizziness"
Pneumothorax (Collapsed Lung),"sudden chest pain, shortness of breath, rapid heart rate, low blood pressure"
Emphysema,"shortness of breath, chronic mild cough, wheezing, reduced exercise tolerance, feeling of constant fatigue"
Bronchitis (Acute),"cough (often with mucus), chest congestion, shortness of breath, low-grade fever, fatigue"
Allergies (Seasonal/Hay Fever),"sneezing, runny nose, itchy or watery eyes, congestion, itchy throat or ears"
Hives (Urticaria),"raised, itchy welts on the skin that can vary in size and shape, often appearing and fading repeatedly"
Anaphylaxis (Severe Allergy),"hives, flushed skin, swelling of the throat/tongue, wheezing, difficulty breathing, rapid/weak pulse, nausea, dizziness"
Pneumonia (Atypical/Walking),"mild fever, dry cough, headache, sore throat, fatigue, gradually worsening respiratory symptoms"
Legionnaires' Disease,"high fever, chills, cough, muscle aches, headache, confusion, diarrhea, nausea, vomiting"
Hantavirus Pulmonary Syndrome,"fatigue, fever, muscle aches (especially thighs, back, and shoulders), headache, dizziness, followed by shortness of breath and coughing"
Toxoplasmosis,"mild flu-like symptoms (fever, body aches, swollen lymph nodes), headache; often asymptomatic in healthy adults"
Candidiasis (Thrush/Yeast Infection),"white patches on the tongue/cheeks, sore throat, difficulty swallowing, redness/itching in genital area, thick white discharge"
Systemic Inflammatory Response Syndrome (SIRS),"body temperature >$38^\circ\text{C}$ or <$36^\circ\text{C}$, heart rate >90 bpm, respiratory rate >20 breaths/min or $\text{PaCO}_2 < 32 \text{ mmHg}$, abnormal white blood cell count"
Burnout Syndrome,"exhaustion, cynicism, reduced professional efficacy, difficulty concentrating, irritability, sleep problems"
Seasonal Affective Disorder (SAD),"depression that occurs and ends at the same time every year (usually winter), low energy, oversleeping, craving carbohydrates"
Generalized Anxiety Disorder (GAD),"persistent and excessive worry, restlessness, fatigue, difficulty concentrating, muscle tension, sleep disturbances"
Social Anxiety Disorder,"intense fear of social situations, fear of being judged, blushing, sweating, trembling, nausea, avoiding social events"
Panic Disorder,"recurrent unexpected panic attacks, sudden episodes of intense fear, chest pain, rapid heart rate, feeling of losing control, shortness of breath"
Agoraphobia,"intense fear and avoidance of places or situations that might cause panic, helplessness, or embarrassment (e.g., open spaces, crowds)"
Tricuspid Atresia (Congenital Heart Defect),"cyanosis (blue tint to skin), shortness of breath, fatigue, poor feeding, slow growth"
Cleft Lip and Palate (Congenital Anomaly),"a separation or split in the upper lip and/or roof of the mouth, feeding difficulties, speech problems, ear infections"
Spina Bifida (Neural Tube Defect),"visible sac on the baby's back, muscle weakness, loss of bladder/bowel control, orthopedic problems"
Phenylketonuria (PKU - Metabolic),"intellectual disability, seizures, behavioral problems, fair skin and hair, musty body odor"
Tay-Sachs Disease (Metabolic),"loss of motor skills, exaggerated startle reaction, cherry-red spot in the eye, deafness, blindness, paralysis"
Marfan Syndrome (Connective Tissue),"tall and slender build, disproportionately long arms/legs/fingers, curved spine, heart murmurs, crowded teeth, extreme nearsightedness"
Ehlers-Danlos Syndromes (Connective Tissue),"hypermobile joints, stretchy skin, fragile skin, easy bruising, chronic joint pain"
Sjögren's Syndrome (Autoimmune),"severe dry eyes, severe dry mouth, fatigue, joint pain, swollen salivary glands"
Systemic Sclerosis (Scleroderma - Autoimmune),"thickening and tightening of the skin, Raynaud's phenomenon, joint pain, digestive problems, shortness of breath"
Pemphigus Vulgaris (Autoimmune Skin Disease),"painful blisters and sores on the skin and mucous membranes (mouth, genitals)"
Addisonian Crisis (Acute Adrenal Insufficiency),"sudden, penetrating pain in the legs, lower back, or abdomen, severe vomiting, diarrhea, low blood pressure, loss of consciousness"
Pheochromocytoma (Adrenal Tumor),"sudden high blood pressure, pounding headache, excessive sweating, heart palpitations, tremor, anxiety"
Osteomyelitis (Bone Infection),"fever, pain in the affected bone, swelling, warmth, and redness over the area, fatigue"
Necrotizing Fasciitis (Flesh-Eating Bacteria),"severe, rapidly worsening pain in an area of skin, fever, red or purple skin color, blisters, eventual skin necrosis"
Cellulitis (Skin Infection),"red, swollen, warm, and tender area of skin, fever, chills, rapid spread of redness"
Abscess (Skin/Internal),"painful, swollen, pus-filled lump under the skin or inside the body, fever, surrounding redness"
Gingivitis (Chronic),"red, swollen gums that bleed easily, bad breath, receding gums"
Periodontitis (Advanced Gum Disease),"deep gum pockets, loose teeth, painful chewing, pus between teeth and gums, persistent bad breath"
Ménière's Disease (Inner Ear),"recurrent episodes of vertigo (spinning), hearing loss, ringing in the ear (tinnitus), feeling of fullness in the ear"
Otosclerosis (Ear Bone Growth),"gradual hearing loss (often starting with low sounds), tinnitus, vertigo/dizziness"
Retinitis Pigmentosa (Inherited Eye Disease),"difficulty seeing at night (nyctalopia), gradual loss of peripheral vision, eventual loss of central vision"
Keratoconus (Eye Disease),"gradual blurring of vision, increased sensitivity to light, glare, frequent changes in eyeglass prescription"
Obstructive Sleep Apnea (Severe),"extremely loud snoring, pauses in breathing during sleep, morning headaches, excessive daytime sleepiness, irritability"
Cheyne-Stokes Respiration,"abnormal pattern of breathing characterized by progressively deeper, and sometimes faster, breathing followed by a gradual decrease that results in a temporary stop in breathing (apnea)"
Narcolepsy (Cataplexy),"excessive daytime sleepiness, sudden, brief loss of muscle tone triggered by strong emotions (cataplexy), sleep paralysis, hallucinations"
Hypersomnia (Idiopathic),recurrent episodes of excessive daytime sleepiness or prolonged nighttime sleep that is not restful
Chronic Pain Syndrome,"persistent pain (lasting over 6 months) that interferes with daily life, depression, anxiety, sleep disturbances, reduced mobility, fatigue"
Complex Regional Pain Syndrome (CRPS),"continuous intense pain (usually in a limb) that is disproportionate to the injury, swelling, changes in skin color and temperature, changes in hair and nail growth"
Trigeminal Neuralgia (Atypical),"constant, aching, burning, or stabbing facial pain, rather than the classic electric shock pain"
Postherpetic Neuralgia,"burning, throbbing, or shooting pain that persists in the area of a healed shingles rash"
Phantom Limb Pain,pain perceived in a part of the body that has been amputated or is missing
Chronic Migraine,"headaches occurring 15 or more days per month for more than 3 months, with migraine features on at least 8 days per month"
Cluster Headache,"severe burning and piercing pain behind or around one eye, eye redness, tearing, nasal congestion, eyelid drooping, restlessness"
Giant Cell Arteritis (Temporal Arteritis),"persistent, severe headache (often in the temple), scalp tenderness, jaw pain with chewing, vision problems, fever, fatigue"
Polymyalgia Rheumatica,"aching and stiffness (especially in the shoulders, neck, and hips) that is worse in the morning, fatigue, fever, weight loss"
Ankylosing Spondylitis,"chronic pain and stiffness in the lower back and hips, pain worsening with rest and improving with activity, hunched posture, fatigue, eye inflammation"
Psoriatic Arthritis,"joint pain, stiffness, and swelling, scaly skin patches (psoriasis), dactylitis ('sausage fingers'), nail changes (pitting, separation)"
Kawasaki Disease,"high fever (lasting at least 5 days), rash, swollen lymph nodes in the neck, red eyes, red/swollen hands and feet, red, cracked lips and 'strawberry tongue'"
Rheumatic Fever,"fever, painful and inflamed joints, fatigue, small painless lumps under the skin, rash, involuntary jerky body movements (Sydenham chorea)"
Systemic Lupus Erythematosus (SLE) Flare,"butterfly-shaped rash on the face, fatigue, joint pain/swelling, fever, sensitivity to sun, chest pain with deep breath"
Scleroderma (Limited Cutaneous),"thickened skin on the fingers and face, Raynaud's phenomenon, telangiectasias (spider veins), heartburn, difficulty swallowing"
Graves' Ophthalmopathy,"bulging eyes (proptosis), gritty sensation in the eyes, double vision, pain or pressure in the eyes"
Aplastic Anemia,"fatigue, frequent infections, easy bruising and bleeding, shortness of breath, pale skin"
Thalassemia,"fatigue, weakness, pale skin, jaundice, facial bone deformities, slow growth, abdominal swelling"
Von Willebrand Disease,"easy bruising, frequent or prolonged nosebleeds, prolonged bleeding from cuts, heavy or long menstrual periods"
Hemochromatosis (Advanced),"joint pain, fatigue, loss of sex drive, abdominal pain, irregular heart rhythm, weight loss, darkening of the skin"
Primary Biliary Cholangitis (PBC),"fatigue, itchy skin, dry mouth and eyes, joint pain, abdominal pain, jaundice"
Alpha-1 Antitrypsin Deficiency,"shortness of breath, wheezing, chronic cough, fatigue, rapid heart rate, weight loss, recurring respiratory infections"
Cystic Fibrosis (Pulmonary Exacerbation),"increased coughing, change in mucus color/thickness, worsening shortness of breath, fever, decreased appetite/weight loss"
Asbestosis,"shortness of breath (progressively worsening), persistent dry cough, chest tightness, fatigue"
Silicosis,"shortness of breath, severe cough, fatigue, fever, blue skin around the lips"
Sleepwalking (Somnambulism),"sitting up in bed and appearing awake, walking around, engaging in complex actions, vacant expression, failure to respond to attempts to communicate"
Nightmare Disorder,"frequent, vivid, and disturbing dreams that cause distress and difficulty returning to sleep"
Substance Use Disorder (Severe),"impaired control over use, desire to cut down, tolerance, withdrawal symptoms, continued use despite problems, neglect of major roles"
Factitious Disorder (Munchausen Syndrome),"deceptive presentation of oneself as ill or injured, faking symptoms, self-harm to produce symptoms, tampering with test results"
Conversion Disorder (Functional Neurological Symptom Disorder),"neurological symptoms (e.g., paralysis, blindness, seizures) that are inconsistent with known medical conditions"
Dissociative Identity Disorder (DID),"presence of two or more distinct personality states (alters), memory gaps (amnesia) for personal information, sense of being detached from oneself"
Schizoaffective Disorder,"concurrent symptoms of schizophrenia (hallucinations, delusions) and a mood disorder (mania or depression)"
Body Dysmorphic Disorder (BDD),"preoccupation with perceived flaws in appearance that are minor or unnoticeable to others, repetitive behaviors (e.g., checking mirror, grooming)"
Pneumocystis Pneumonia (PCP),"fever, dry cough, shortness of breath, fatigue, chest pain (common in people with HIV/AIDS or weakened immune systems)"
Cryptosporidiosis (Crypto),"watery diarrhea, stomach cramps, nausea, vomiting, fever, dehydration"
Coccidioidomycosis (Valley Fever),"fever, cough, night sweats, joint aches, red rash on lower legs (erythema nodosum), fatigue"
Chikungunya Fever,"abrupt onset of fever, severe joint pain (often debilitating), headache, muscle pain, rash, swelling around joints"
Leishmaniasis (Visceral - Kala-azar),"prolonged fever, weight loss, enlargement of the spleen and liver, pancytopenia (low blood cell counts), darkening of the skin"
Scrub Typhus,"fever, headache, body aches, rash, eschar (a dark, crusted ulcer) at the bite site, swollen lymph nodes"
Babesiosis,"fever, chills, sweats, fatigue, muscle aches, headache, loss of appetite, hemolytic anemia"
Whipple's Disease,"chronic diarrhea, abdominal pain, weight loss, joint pain, hyperpigmentation (darkening of the skin), fever"
Amyloidosis,"fatigue, weight loss, swelling of the ankles/legs, numbness/tingling in hands or feet, shortness of breath, easy bruising, enlarged tongue"
Hemolytic Uremic Syndrome (HUS),"bloody diarrhea, decreased frequency of urination, pale skin, fatigue, unexplained bruising, seizures"
Acute Kidney Injury (AKI),"decreased urine output, fluid retention (swelling in legs), shortness of breath, fatigue, confusion, nausea"
Nephrotic Syndrome,"severe swelling around the eyes and in the feet/ankles, foamy urine, weight gain from fluid retention, fatigue"
Hypotension (Orthostatic),"dizziness or lightheadedness upon standing, fainting, blurred vision, weakness"
Adrenal Fatigue (Non-Medical Term),"persistent fatigue, body aches, unexplained weight loss, low blood pressure, difficulty sleeping, salt and sugar cravings"
Lymphedema,"swelling (usually in an arm or leg), feeling of tightness or heaviness, restricted range of motion, recurrent infections in the limb, hardening and thickening of the skin"
Raynaud's Phenomenon,"coldness, numbness, and color changes (white, then blue, then red) in the fingers or toes triggered by cold or stress, tingling upon warming"
Scleroderma (Diffuse Cutaneous),"skin thickening over entire body, internal organ damage (lungs, kidneys, heart), fatigue, joint pain"
Hantavirus Infection,"fever, chills, muscle aches, headache, nausea, coughing, shortness of breath"
Yellow Fever,"sudden fever, chills, severe headache, back pain, nausea, vomiting, jaundice, bleeding"
Marburg Virus Disease,"fever, chills, headache, myalgia, diarrhea, vomiting, chest pain, bleeding"
Lassa Fever,"fever, weakness, headache, sore throat, chest pain, nausea, vomiting, diarrhea, cough"
Nipah Virus Infection,"fever, headache, myalgia, vomiting, dizziness, drowsiness, altered consciousness, seizures"
Q Fever,"high fever, severe headache, fatigue, chills, sweats, cough, chest pain, nausea"
Brucellosis,"fever, sweats, malaise, anorexia, headache, muscle pain, joint pain"
Cutaneous Anthrax,"itchy bump, painless ulcer with black center (eschar), swelling of nearby lymph nodes"
Tularemia,"sudden fever, chills, headache, diarrhea, muscle aches, joint pain, dry cough"
Bubonic Plague,"sudden fever, chills, weakness, swollen painful lymph nodes (buboes)"
SARS (Severe Acute Respiratory Syndrome),"high fever, dry cough, shortness of breath, headache, body aches"
MERS (Middle East Respiratory Syndrome),"fever, cough, shortness of breath, gastrointestinal symptoms"
"Hand, Foot, and Mouth Disease","fever, sore throat, painful mouth sores, skin rash on hands and feet"
Norovirus,"sudden vomiting, watery diarrhea, stomach cramps, low-grade fever"
Rotavirus,"fever, vomiting, watery diarrhea, abdominal pain (common in infants/children)"
RSV (Respiratory Syncytial Virus),"runny nose, decreased appetite, cough, sneezing, fever, wheezing"
Giardiasis (Chronic),"foul-smelling diarrhea, gas, greasy stools, bloating, stomach cramps"
Strongyloidiasis,"abdominal pain, diarrhea, weight loss, cough, rash, itching"
Histoplasmosis,"fever, cough, fatigue, chills, headache, chest pain"
Blastomycosis,"fever, cough, night sweats, chest pain, fatigue, skin lesions"
Sporotrichosis,"small painless bump on skin progressing to ulcers, swollen lymph nodes"
Cryptococcosis,"headache, fever, neck pain, nausea, sensitivity to light, confusion"
Aspergillosis,"fever, cough, chest pain, shortness of breath, wheezing, coughing up blood"
Toxocariasis,"fever, cough, wheezing, abdominal pain, vision problems"
Trichinellosis (Trichinosis),"diarrhea, abdominal pain, fever, muscle pain, facial swelling"
Schistosomiasis,"rash, itchy skin, fever, chills, cough, muscle aches; later blood in urine/stool"
Onchocerciasis (River Blindness),"intense itching, skin changes, eye lesions leading to vision loss"
Herpetic Whitlow,"painful swollen finger, blisters, burning, tingling"
Parvovirus B19 (Fifth Disease),"mild fever, runny nose, headache, bright red rash on cheeks"
Rubella (German Measles),"mild fever, headache, red eyes, enlarged lymph nodes, fine pink rash"
Roseola (Sixth Disease),high fever followed by sudden pink rash on trunk and neck
Pertussis (Adolescent/Adult),"prolonged cough, paroxysms, whoop may be absent, post-tussive vomiting"
Mycoplasma Pneumonia,"gradual fever, dry cough, headache, malaise (walking pneumonia)"
Legionella Pneumonia,"high fever, cough, shortness of breath, muscle aches, headache, diarrhea"
Autoimmune Hepatitis,"fatigue, joint pain, nausea, abdominal pain, jaundice, spider angiomas"
NAFLD (Nonalcoholic Fatty Liver Disease),"fatigue, discomfort in upper right abdomen, often asymptomatic"
NASH (Nonalcoholic Steatohepatitis),"fatigue, weakness, weight loss, dull abdominal pain"
Gastroparesis,"nausea, vomiting undigested food, early satiety, bloating, abdominal pain"
SIBO (Small Intestinal Bacterial Overgrowth),"bloating, gas, diarrhea, abdominal discomfort, nutrient deficiencies"
Microscopic Colitis,"chronic watery diarrhea, abdominal cramps, weight loss"
Biliary Colic,"sudden right upper quadrant pain after fatty meals, nausea, vomiting"
Primary Hyperaldosteronism,"resistant hypertension, low potassium, muscle cramps, weakness"
Hyperprolactinemia,"irregular periods, galactorrhea, infertility, decreased libido, headaches"
Acromegaly,"enlarged hands/feet, coarse facial features, joint pain, headaches, excessive sweating"
Alopecia Areata,"Sudden hair loss, patchy bald spots, exclamation point hairs, nail changes."
Rubella,"fever, rash, headache, runny nose, red eyes, joint pain, swollen lymph nodes"
Pertussis (Whooping Cough),"runny nose, sneezing, mild cough, fever, severe coughing fits, whooping sound, vomiting"
Hepatitis D,"fatigue, nausea, vomiting, abdominal pain, dark urine, jaundice, joint pain"
Hepatitis E,"fatigue, nausea, vomiting, abdominal pain, dark urine, jaundice, fever"
Chikungunya,"fever, joint pain, muscle pain, headache, rash, joint swelling"
Leishmaniasis,"skin sores, fever, weight loss, enlarged spleen, anemia, fatigue"
Trypanosomiasis (Sleeping Sickness),"fever, headache, joint pain, itching, confusion, sleep disturbances, personality changes"
Leprosy,"skin lesions, numbness, muscle weakness, eye problems, nosebleeds, loss of eyebrows"
Plague,"fever, chills, weakness, headache, swollen lymph nodes, coughing, chest pain"
Anthrax,"fever, chills, fatigue, body aches, shortness of breath, nausea, vomiting, chest discomfort"
Botulism,"difficulty swallowing, muscle weakness, blurred vision, drooping eyelids, slurred speech, difficulty breathing"
Natural remedies can completely replace all medical treatments for serious,"I can't provide a list of symptoms for conditions that natural remedies can completely replace all medical treatments for. If you have any other questions or need information on a specific medical topic, I'd be happy to help."
Tubercuolosis,"Coughing up blood or sputum, Chest pain or discomfort, Fatigue, Weight loss, Night sweats, Fever, Chills, Loss of appetite, Coughing up mucus, Shortness of breath, Wheezing, Coughing up yellow or green mucus, Swollen lymph nodes, Pale or blue-tinged skin, Recurring pneumonia."
